Workbook

Sheet DNA extract information
A1: Collection Code | B1: Collection unique DNA number | C1: Well Position | D1: Voucher number | E1: DNA extract ID | F1: Genus | G1: Species | H1: Extraction date | I1: Additional info | J1: Collection Group
A2: LARHED | B2: 1 | C2: A01 | D2: B104971 | E2: D1305 | F2: Racomitrium | G2: lanuginosum | H2: 42866 | J2: NRM-DNA
A3: LARHED | B3: 2 | C3: A02 | D3: B107636 | E3: D1306 | F3: Racomitrium | G3: lanuginosum | H3: 42866 | J3: NRM-DNA
A4: LARHED | B4: 3 | C4: A03 | D4: B163733 | E4: D1307 | F4: Racomitrium | G4: lanuginosum | H4: 42866 | J4: NRM-DNA
A5: LARHED | B5: 4 | C5: A04 | D5: B242706 | E5: D1308 | F5: Racomitrium | G5: lanuginosum | H5: 42866 | J5: NRM-DNA
A6: LARHED | B6: 5 | C6: A05 | D6: B60118 | E6: D1309 | F6: Racomitrium | G6: lanuginosum | H6: 42866 | J6: NRM-DNA
A7: LARHED | B7: 6 | C7: A06 | D7: B60120 | E7: D1310 | F7: Racomitrium | G7: lanuginosum | H7: 42866 | J7: NRM-DNA
A8: LARHED | B8: 7 | C8: A07 | D8: B199900 | E8: D1311 | F8: Racomitrium | G8: lanuginosum | H8: 42866 | J8: NRM-DNA
A9: LARHED | B9: 8 | C9: A08 | D9: B237333 | E9: D1312 | F9: Racomitrium | G9: lanuginosum | H9: 42866 | J9: NRM-DNA
A10: LARHED | B10: 9 | C10: A09 | D10: B238824 | E10: D1313 | F10: Racomitrium | G10: lanuginosum | H10: 42866 | J10: NRM-DNA
A11: LARHED | B11: 10 | C11: A10 | D11: B181433 | E11: D1314 | F11: Racomitrium | G11: lanuginosum | H11: 42866 | J11: NRM-DNA
A12: LARHED | B12: 11 | C12: A11 | D12: B181434 | E12: D1315 | F12: Racomitrium | G12: lanuginosum | H12: 42866 | J12: NRM-DNA
A13: LARHED | B13: 12 | C13: A12 | D13: B181435 | E13: D1316 | F13: Racomitrium | G13: lanuginosum | H13: 42866 | J13: NRM-DNA
... A97: LARHED | B97: 96 | C97: H12 | D97: B36414 | E97: D1400 | F97: Dicranum | G97: undulatum | H97: 42999 | J97: NRM-DNA

Sheet Plate data-From scanner
A1: Rack ID | B1: Position | C1: Tube ID | D1: Date
A2: 3000142933 | B2: A01 | C2: 4025804270 | D2: 20171221
A3: 3000142933 | B3: A02 | C3: 4025804271 | D3: 20171221
A4: 3000142933 | B4: A03 | C4: 4025804272 | D4: 20171221
A5: 3000142933 | B5: A04 | C5: 4025804273 | D5: 20171221
A6: 3000142933 | B6: A05 | C6: 4025804274 | D6: 20171221
A7: 3000142933 | B7: A06 | C7: 4025804275 | D7: 20171221
A8: 3000142933 | B8: A07 | C8: 4025804276 | D8: 20171221
A9: 3000142933 | B9: A08 | C9: 4025804277 | D9: 20171221
A10: 3000142933 | B10: A09 | C10: 4025804278 | D10: 20171221
A11: 3000142933 | B11: A10 | C11: 4025804279 | D11: 20171221
A12: 3000142933 | B12: A11 | C12: 4025804280 | D12: 20171221
A13: 3000142933 | B13: A12 | C13: 4025804281 | D13: 20171221
... A97: 3000142933 | B97: H12 | C97: 4025804365 | D97: 20171221

Sheet Specimen file-Copy to new excel
A1: Collection Code | B1: Specimen Identifier | C1: Sub ID | D1: Other IDs | E1: Restricted | F1: Restricted Notes | G1: Accepted Determination | H1: Life Cycle | I1: Kingdom | J1: Phylum | K1: Class | L1: Order | M1: Superfamily | N1: Family | O1: Division | P1: Group | Q1: Genus | R1: Species | S1: Variety | T1: Authors | U1: Subgenera | V1: Strain | W1: State | X1: Synonym | Y1: Type Specimen | Z1: Taxonomy Notes | AA1: Common Name | AB1: Identifier | AC1: Identifier Email Address | AD1: Identification Year | AE1: Identification Month | AF1: Identification Day | AG1: Evidence Notes | AH1: Associated Organism Genus | AI1: Associated Organism Species | AJ1: Associated Organism ETC | AK1: Associated Organism Habitat | AL1: Associated Organism Variety | AM1: Associated Organism Part | AN1: Associated Organism Description | AO1: Mixed Specimen Collection Code | AP1: Mixed Specimen Number | AQ1: Continent | AR1: Country | AS1: Province/State | AT1: Region | AU1: City | AV1: Exact Site | AW1: Latitude | AX1: Longitude | AY1: Sector | AZ1: Elevation | BA1: GPS Source | BB1: Collectors | BC1: Collection Year | BD1: Collection Month | BE1: Collection Day | BF1: Collection End Year | BG1: Collection End Month | BH1: Collection End Day | BI1: Project Week | BJ1: Collector Type | BK1: Sampler Installation Date(yyyy-mm-dd) | BL1: Sampler Collection Date(yyyy-mm-dd) | BM1: Filter Size (um) | BN1: Rain Fall (mm) | BO1: Rain Volume Collected (mL) | BP1: Collection Notes | BQ1: DAOM Number | BR1: DAOM Group | BS1: CCFC Number | BT1: Isolate Number | BU1: Cultured(true/false) | BV1: Isolated By | BW1: Isolation Date(yyyy-mm-dd) | BX1: Sent to DAOM(yyyy-mm-dd) | BY1: Sent to CCFC(yyyy-mm-dd) | BZ1: Saved As | CA1: Culture Type | CB1: Received From | CC1: Fungal Notes | CD1: Specimen Description | CE1: Date Received(yyyy-mm-dd) | CF1: Cell Type | CG1: Tissue Type | CH1: Extra Info | CI1: Voucher Type | CJ1: Institution Code | CK1: Permanent Collection Code | CL1: Catalog Number | CM1: Field Identifier | CN1: Process ID | CO1: Annotated By | CP1: Specimen Notes | CQ1: CFIA PPC Level | CR1: PHAC Human RG Level | CS1: PHAC Animal RG Level | CT1: Import Permit Number | CU1: Project Tags | CV1: Last Modified
A2: ='DNA extract information'!A2 -> LARHED | B2: ='DNA extract information'!B2 -> 1 | D2: ='DNA extract information'!E2 -> D1305 | E2: false | Q2: ='DNA extract information'!F2 -> Racomitrium | R2: ='DNA extract information'!G2 -> lanuginosum | BU2: FALSE | CL2: ='DNA extract information'!D2 -> B104971
A3: ='DNA extract information'!A3 -> LARHED | B3: ='DNA extract information'!B3 -> 2 | D3: ='DNA extract information'!E3 -> D1306 | E3: false | Q3: ='DNA extract information'!F3 -> Racomitrium | R3: ='DNA extract information'!G3 -> lanuginosum | BU3: FALSE | CL3: ='DNA extract information'!D3 -> B107636
A4: ='DNA extract information'!A4 -> LARHED | B4: ='DNA extract information'!B4 -> 3 | D4: ='DNA extract information'!E4 -> D1307 | E4: false | Q4: ='DNA extract information'!F4 -> Racomitrium | R4: ='DNA extract information'!G4 -> lanuginosum | BU4: FALSE | CL4: ='DNA extract information'!D4 -> B163733
A5: ='DNA extract information'!A5 -> LARHED | B5: ='DNA extract information'!B5 -> 4 | D5: ='DNA extract information'!E5 -> D1308 | E5: false | Q5: ='DNA extract information'!F5 -> Racomitrium | R5: ='DNA extract information'!G5 -> lanuginosum | BU5: FALSE | CL5: ='DNA extract information'!D5 -> B242706
A6: ='DNA extract information'!A6 -> LARHED | B6: ='DNA extract information'!B6 -> 5 | D6: ='DNA extract information'!E6 -> D1309 | E6: false | Q6: ='DNA extract information'!F6 -> Racomitrium | R6: ='DNA extract information'!G6 -> lanuginosum | BU6: FALSE | CL6: ='DNA extract information'!D6 -> B60118
A7: ='DNA extract information'!A7 -> LARHED | B7: ='DNA extract information'!B7 -> 6 | D7: ='DNA extract information'!E7 -> D1310 | E7: false | Q7: ='DNA extract information'!F7 -> Racomitrium | R7: ='DNA extract information'!G7 -> lanuginosum | BU7: FALSE | CL7: ='DNA extract information'!D7 -> B60120
A8: ='DNA extract information'!A8 -> LARHED | B8: ='DNA extract information'!B8 -> 7 | D8: ='DNA extract information'!E8 -> D1311 | E8: false | Q8: ='DNA extract information'!F8 -> Racomitrium | R8: ='DNA extract information'!G8 -> lanuginosum | BU8: FALSE | CL8: ='DNA extract information'!D8 -> B199900
A9: ='DNA extract information'!A9 -> LARHED | B9: ='DNA extract information'!B9 -> 8 | D9: ='DNA extract information'!E9 -> D1312 | E9: false | Q9: ='DNA extract information'!F9 -> Racomitrium | R9: ='DNA extract information'!G9 -> lanuginosum | BU9: FALSE | CL9: ='DNA extract information'!D9 -> B237333
A10: ='DNA extract information'!A10 -> LARHED | B10: ='DNA extract information'!B10 -> 9 | D10: ='DNA extract information'!E10 -> D1313 | E10: false | Q10: ='DNA extract information'!F10 -> Racomitrium | R10: ='DNA extract information'!G10 -> lanuginosum | BU10: FALSE | CL10: ='DNA extract information'!D10 -> B238824
A11: ='DNA extract information'!A11 -> LARHED | B11: ='DNA extract information'!B11 -> 10 | D11: ='DNA extract information'!E11 -> D1314 | E11: false | Q11: ='DNA extract information'!F11 -> Racomitrium | R11: ='DNA extract information'!G11 -> lanuginosum | BU11: FALSE | CL11: ='DNA extract information'!D11 -> B181433
A12: ='DNA extract information'!A12 -> LARHED | B12: ='DNA extract information'!B12 -> 11 | D12: ='DNA extract information'!E12 -> D1315 | E12: false | Q12: ='DNA extract information'!F12 -> Racomitrium | R12: ='DNA extract information'!G12 -> lanuginosum | BU12: FALSE | CL12: ='DNA extract information'!D12 -> B181434
A13: ='DNA extract information'!A13 -> LARHED | B13: ='DNA extract information'!B13 -> 12 | D13: ='DNA extract information'!E13 -> D1316 | E13: false | Q13: ='DNA extract information'!F13 -> Racomitrium | R13: ='DNA extract information'!G13 -> lanuginosum | BU13: FALSE | CL13: ='DNA extract information'!D13 -> B181435
... A97: ='DNA extract information'!A97 -> LARHED | B97: ='DNA extract information'!B97 -> 96 | D97: ='DNA extract information'!E97 -> D1400 | E97: false | Q97: ='DNA extract information'!F97 -> Dicranum | R97: ='DNA extract information'!G97 -> undulatum | BU97: FALSE | CL97: ='DNA extract information'!D97 -> B36414

Sheet Sample file-Copy to new excel
A1: Sample Name | B1: Version | C1: Experimenter | D1: Extraction Batch | E1: Extraction Date (yyyy-mm-dd) | F1: Version Description | G1: Source | H1: DNA (ng/μL) | I1: DNA Concentration Notes | J1: Kit Group Name | K1: Product/Kit Name | L1: Tube ID | M1: DNA Notes | N1: Sample Notes | O1: Protocol Group Name | P1: Protocol Name | Q1: Collection Code Group | R1: Collection Code | S1: Specimen Source Type: Write S for Specimen or MS for Mixed Specimen | T1: Specimen or Mixed Specimen Identifier | U1: Sub ID | V1: Container Name | W1: Position | X1: Tube ID | Y1: Project Tags | Z1: Last Modified
A2: ='DNA extract information'!E2 -> D1305 | E2: ='DNA extract information'!H2 -> 42866 | Q2: ='DNA extract information'!J2 -> NRM-DNA | R2: ='DNA extract information'!A2 -> LARHED | S2: S | T2: ='DNA extract information'!B2 -> 1 | V2: ='Plate data-From scanner'!A2 -> 3000142933 | W2: ='Plate data-From scanner'!B2 -> A01 | X2: ='Plate data-From scanner'!C2 -> 4025804270
A3: ='DNA extract information'!E3 -> D1306 | E3: ='DNA extract information'!H3 -> 42866 | Q3: ='DNA extract information'!J3 -> NRM-DNA | R3: ='DNA extract information'!A3 -> LARHED | S3: S | T3: ='DNA extract information'!B3 -> 2 | V3: ='Plate data-From scanner'!A3 -> 3000142933 | W3: ='Plate data-From scanner'!B3 -> A02 | X3: ='Plate data-From scanner'!C3 -> 4025804271
A4: ='DNA extract information'!E4 -> D1307 | E4: ='DNA extract information'!H4 -> 42866 | Q4: ='DNA extract information'!J4 -> NRM-DNA | R4: ='DNA extract information'!A4 -> LARHED | S4: S | T4: ='DNA extract information'!B4 -> 3 | V4: ='Plate data-From scanner'!A4 -> 3000142933 | W4: ='Plate data-From scanner'!B4 -> A03 | X4: ='Plate data-From scanner'!C4 -> 4025804272
A5: ='DNA extract information'!E5 -> D1308 | E5: ='DNA extract information'!H5 -> 42866 | Q5: ='DNA extract information'!J5 -> NRM-DNA | R5: ='DNA extract information'!A5 -> LARHED | S5: S | T5: ='DNA extract information'!B5 -> 4 | V5: ='Plate data-From scanner'!A5 -> 3000142933 | W5: ='Plate data-From scanner'!B5 -> A04 | X5: ='Plate data-From scanner'!C5 -> 4025804273
A6: ='DNA extract information'!E6 -> D1309 | E6: ='DNA extract information'!H6 -> 42866 | Q6: ='DNA extract information'!J6 -> NRM-DNA | R6: ='DNA extract information'!A6 -> LARHED | S6: S | T6: ='DNA extract information'!B6 -> 5 | V6: ='Plate data-From scanner'!A6 -> 3000142933 | W6: ='Plate data-From scanner'!B6 -> A05 | X6: ='Plate data-From scanner'!C6 -> 4025804274
A7: ='DNA extract information'!E7 -> D1310 | E7: ='DNA extract information'!H7 -> 42866 | Q7: ='DNA extract information'!J7 -> NRM-DNA | R7: ='DNA extract information'!A7 -> LARHED | S7: S | T7: ='DNA extract information'!B7 -> 6 | V7: ='Plate data-From scanner'!A7 -> 3000142933 | W7: ='Plate data-From scanner'!B7 -> A06 | X7: ='Plate data-From scanner'!C7 -> 4025804275
A8: ='DNA extract information'!E8 -> D1311 | E8: ='DNA extract information'!H8 -> 42866 | Q8: ='DNA extract information'!J8 -> NRM-DNA | R8: ='DNA extract information'!A8 -> LARHED | S8: S | T8: ='DNA extract information'!B8 -> 7 | V8: ='Plate data-From scanner'!A8 -> 3000142933 | W8: ='Plate data-From scanner'!B8 -> A07 | X8: ='Plate data-From scanner'!C8 -> 4025804276
A9: ='DNA extract information'!E9 -> D1312 | E9: ='DNA extract information'!H9 -> 42866 | Q9: ='DNA extract information'!J9 -> NRM-DNA | R9: ='DNA extract information'!A9 -> LARHED | S9: S | T9: ='DNA extract information'!B9 -> 8 | V9: ='Plate data-From scanner'!A9 -> 3000142933 | W9: ='Plate data-From scanner'!B9 -> A08 | X9: ='Plate data-From scanner'!C9 -> 4025804277
A10: ='DNA extract information'!E10 -> D1313 | E10: ='DNA extract information'!H10 -> 42866 | Q10: ='DNA extract information'!J10 -> NRM-DNA | R10: ='DNA extract information'!A10 -> LARHED | S10: S | T10: ='DNA extract information'!B10 -> 9 | V10: ='Plate data-From scanner'!A10 -> 3000142933 | W10: ='Plate data-From scanner'!B10 -> A09 | X10: ='Plate data-From scanner'!C10 -> 4025804278
A11: ='DNA extract information'!E11 -> D1314 | E11: ='DNA extract information'!H11 -> 42866 | Q11: ='DNA extract information'!J11 -> NRM-DNA | R11: ='DNA extract information'!A11 -> LARHED | S11: S | T11: ='DNA extract information'!B11 -> 10 | V11: ='Plate data-From scanner'!A11 -> 3000142933 | W11: ='Plate data-From scanner'!B11 -> A10 | X11: ='Plate data-From scanner'!C11 -> 4025804279
A12: ='DNA extract information'!E12 -> D1315 | E12: ='DNA extract information'!H12 -> 42866 | Q12: ='DNA extract information'!J12 -> NRM-DNA | R12: ='DNA extract information'!A12 -> LARHED | S12: S | T12: ='DNA extract information'!B12 -> 11 | V12: ='Plate data-From scanner'!A12 -> 3000142933 | W12: ='Plate data-From scanner'!B12 -> A11 | X12: ='Plate data-From scanner'!C12 -> 4025804280
A13: ='DNA extract information'!E13 -> D1316 | E13: ='DNA extract information'!H13 -> 42866 | Q13: ='DNA extract information'!J13 -> NRM-DNA | R13: ='DNA extract information'!A13 -> LARHED | S13: S | T13: ='DNA extract information'!B13 -> 12 | V13: ='Plate data-From scanner'!A13 -> 3000142933 | W13: ='Plate data-From scanner'!B13 -> A12 | X13: ='Plate data-From scanner'!C13 -> 4025804281
... A97: ='DNA extract information'!E97 -> D1400 | E97: ='DNA extract information'!H97 -> 42999 | Q97: ='DNA extract information'!J97 -> NRM-DNA | R97: ='DNA extract information'!A97 -> LARHED | S97: S | T97: ='DNA extract information'!B97 -> 96 | V97: ='Plate data-From scanner'!A97 -> 3000142933 | W97: ='Plate data-From scanner'!B97 -> H12 | X97: ='Plate data-From scanner'!C97 -> 4025804365
